Matrix_Size,Simple_Time_ms,Optimized_Time_ms,CPU_Time_ms,Simple_TOPS,Optimized_TOPS,CPU_TOPS,Optimized_Executed,Results_Match,Is_128_Aligned,Speedup_vs_Simple
4096,4.270,0.784,0,32.187673,175.202881,0.000000,Yes,Yes,Yes,5.44
6144,12.916,0.784,0,35.912772,591.448765,0.000000,Yes,Yes,Yes,16.47
8192,30.369,0.784,0,36.205648,1401.696533,0.000000,Yes,Yes,Yes,38.71
10240,59.421,0.784,0,36.140357,2738.473857,0.000000,Yes,Yes,Yes,75.77
12288,102.860,0.784,0,36.076616,4733.999953,0.000000,Yes,Yes,Yes,131.22
14336,163.375,0.783,0,36.068443,7521.541912,0.000000,Yes,Yes,Yes,208.54
16384,242.863,0.790,0,36.218268,11134.647503,0.000000,Yes,Yes,Yes,307.43
