Matrix_Size,Simple_Time_ms,Optimized_Time_ms,CPU_Time_ms,Simple_TOPS,Optimized_TOPS,CPU_TOPS,Optimized_Executed,Results_Match,Is_128_Aligned,Speedup_vs_Simple
512,0.025,0.026,0,10.604541,10.473202,0.000000,Yes,No,Yes,0.99
1024,0.108,0.037,0,19.876318,57.534987,0.000000,Yes,No,Yes,2.89
2048,0.663,0.184,0,25.918366,93.118728,0.000000,Yes,No,Yes,3.59
4096,3.881,0.898,0,35.409150,153.064537,0.000000,Yes,No,Yes,4.32
8192,30.382,6.471,0,36.189783,169.909562,0.000000,Yes,No,Yes,4.69
12288,102.878,22.484,0,36.070289,165.041916,0.000000,Yes,No,Yes,4.58
16384,242.884,51.884,0,36.215172,169.533481,0.000000,Yes,No,Yes,4.68
