Matrix_Size,Simple_Time_ms,Optimized_Time_ms,CPU_Time_ms,Simple_TOPS,Optimized_TOPS,CPU_TOPS,Optimized_Executed,Results_Match,Is_128_Aligned,Speedup_vs_Simple
512,0.025,0.026,0,10.621729,10.494165,0.000000,Yes,No,Yes,0.99
1024,0.108,0.037,0,19.914069,57.804581,0.000000,Yes,No,Yes,2.90
2048,0.663,0.184,0,25.920371,93.248133,0.000000,Yes,No,Yes,3.60
4096,3.897,0.899,0,35.269586,152.886730,0.000000,Yes,No,Yes,4.33
8192,30.396,6.474,0,36.173280,169.845884,0.000000,Yes,No,Yes,4.70
12288,102.901,22.469,0,36.062474,165.157488,0.000000,Yes,No,Yes,4.58
16384,242.904,51.920,0,36.212248,169.416979,0.000000,Yes,No,Yes,4.68
