Matrix_Size,Simple_Time_ms,Optimized_Time_ms,CPU_Time_ms,Simple_TOPS,Optimized_TOPS,CPU_TOPS,Optimized_Executed,Results_Match,Is_128_Aligned,Speedup_vs_Simple
256,0.017,0.020,49,1.968047,1.659979,0.000685,Yes,Yes,Yes,0.84
320,0.016,0.023,97,4.191225,2.848242,0.000676,Yes,No,No,0.68
512,0.025,0.026,393,10.578864,10.477388,0.000683,Yes,Yes,Yes,0.99
528,0.020,0.029,431,14.903875,10.234822,0.000683,Yes,No,No,0.69
1024,0.108,0.037,3136,19.912178,57.948340,0.000685,Yes,Yes,Yes,2.91
